{"attribute":"q","cut":0,"classification":0,"left":{"attribute":"","cut":0,"classification":false,"left":null,"right":null,"isLeaf":true},"right":{"attribute":"i","cut":1,"classification":0,"left":{"attribute":"","cut":0,"classification":true,"left":null,"right":null,"isLeaf":true},"right":{"attribute":"- sn q","cut":-1,"classification":0,"left":{"attribute":"","cut":0,"classification":false,"left":null,"right":null,"isLeaf":true},"right":{"attribute":"","cut":0,"classification":true,"left":null,"right":null,"isLeaf":true},"isLeaf":false},"isLeaf":false},"isLeaf":false}