{"attribute":"- y z","cut":0,"classification":0,"left":{"attribute":"- y z","cut":-4481,"classification":0,"left":{"attribute":"","cut":0,"classification":false,"left":null,"right":null,"isLeaf":true},"right":{"attribute":"y","cut":20,"classification":0,"left":{"attribute":"","cut":0,"classification":true,"left":null,"right":null,"isLeaf":true},"right":{"attribute":"c","cut":0,"classification":0,"left":{"attribute":"","cut":0,"classification":true,"left":null,"right":null,"isLeaf":true},"right":{"attribute":"","cut":0,"classification":false,"left":null,"right":null,"isLeaf":true},"isLeaf":false},"isLeaf":false},"isLeaf":false},"right":{"attribute":"","cut":0,"classification":false,"left":null,"right":null,"isLeaf":true},"isLeaf":false}