{"attribute":"j","cut":1,"classification":0,"left":{"attribute":"j","cut":0,"classification":0,"left":{"attribute":"","cut":0,"classification":true,"left":null,"right":null,"isLeaf":true},"right":{"attribute":"- m aval","cut":1,"classification":0,"left":{"attribute":"","cut":0,"classification":true,"left":null,"right":null,"isLeaf":true},"right":{"attribute":"","cut":0,"classification":false,"left":null,"right":null,"isLeaf":true},"isLeaf":false},"isLeaf":false},"right":{"attribute":"- m aval","cut":-906,"classification":0,"left":{"attribute":"","cut":0,"classification":true,"left":null,"right":null,"isLeaf":true},"right":{"attribute":"","cut":0,"classification":false,"left":null,"right":null,"isLeaf":true},"isLeaf":false},"isLeaf":false}