{"attribute":"- x1 x2","cut":0,"classification":0,"left":{"attribute":"+ x2 x3","cut":-6,"classification":0,"left":{"attribute":"","cut":0,"classification":false,"left":null,"right":null,"isLeaf":true},"right":{"attribute":"x1","cut":-3,"classification":0,"left":{"attribute":"","cut":0,"classification":false,"left":null,"right":null,"isLeaf":true},"right":{"attribute":"x2","cut":-1,"classification":0,"left":{"attribute":"","cut":0,"classification":false,"left":null,"right":null,"isLeaf":true},"right":{"attribute":"x3","cut":-5,"classification":0,"left":{"attribute":"","cut":0,"classification":true,"left":null,"right":null,"isLeaf":true},"right":{"attribute":"+ x2 x3","cut":-2,"classification":0,"left":{"attribute":"","cut":0,"classification":false,"left":null,"right":null,"isLeaf":true},"right":{"attribute":"- x1 x3","cut":4,"classification":0,"left":{"attribute":"- x1 x2","cut":-4,"classification":0,"left":{"attribute":"","cut":0,"classification":false,"left":null,"right":null,"isLeaf":true},"right":{"attribute":"- x1 x3","cut":-1,"classification":0,"left":{"attribute":"","cut":0,"classification":false,"left":null,"right":null,"isLeaf":true},"right":{"attribute":"+ x2 x3","cut":2,"classification":0,"left":{"attribute":"","cut":0,"classification":true,"left":null,"right":null,"isLeaf":true},"right":{"attribute":"","cut":0,"classification":false,"left":null,"right":null,"isLeaf":true},"isLeaf":false},"isLeaf":false},"isLeaf":false},"right":{"attribute":"","cut":0,"classification":false,"left":null,"right":null,"isLeaf":true},"isLeaf":false},"isLeaf":false},"isLeaf":false},"isLeaf":false},"isLeaf":false},"isLeaf":false},"right":{"attribute":"","cut":0,"classification":false,"left":null,"right":null,"isLeaf":true},"isLeaf":false}