{"attribute":"m","cut":-1,"classification":0,"left":{"attribute":"","cut":0,"classification":false,"left":null,"right":null,"isLeaf":true},"right":{"attribute":"m","cut":9,"classification":0,"left":{"attribute":"x","cut":-494,"classification":0,"left":{"attribute":"","cut":0,"classification":false,"left":null,"right":null,"isLeaf":true},"right":{"attribute":"","cut":0,"classification":true,"left":null,"right":null,"isLeaf":true},"isLeaf":false},"right":{"attribute":"- m N","cut":-1,"classification":0,"left":{"attribute":"","cut":0,"classification":true,"left":null,"right":null,"isLeaf":true},"right":{"attribute":"","cut":0,"classification":false,"left":null,"right":null,"isLeaf":true},"isLeaf":false},"isLeaf":false},"isLeaf":false}