{"attribute":"- y j","cut":-1,"classification":0,"left":{"attribute":"","cut":0,"classification":false,"left":null,"right":null,"isLeaf":true},"right":{"attribute":"- x i","cut":0,"classification":0,"left":{"attribute":"- x i","cut":-1,"classification":0,"left":{"attribute":"","cut":0,"classification":false,"left":null,"right":null,"isLeaf":true},"right":{"attribute":"","cut":0,"classification":true,"left":null,"right":null,"isLeaf":true},"isLeaf":false},"right":{"attribute":"","cut":0,"classification":false,"left":null,"right":null,"isLeaf":true},"isLeaf":false},"isLeaf":false}